model	size_MiB	load_ms	prefill_tps	decode_tps	ms_per_tok	compute_busy_avg_pct	mib_read_per_tok	hot_pct
SmolLM2-135M-Instruct.Q4_K_M.gguf	100	336	3671.4	562.0	1.8	-	-	-
SmolLM2-135M-Instruct.IQ4_XS.gguf	87	409	4262.4	586.7	1.7	-	-	-
Qwen3.5-0.8B.Q4_K_M.gguf	503	675	3188.4	371.8	2.7	-	-	-
Qwen3-MOE-4x0.6B-2.4B-Q4_K_M.gguf	919	409	170.5	79.6	12.6	31.3	9.5	96.3
smolcode-coder-cpp-1.5b-q4_k_m.gguf	1065	1199	1899.2	254.6	3.9	-	-	-
smolcode-coder-cpp-3b-q4_k_m.gguf	2007	1913	1240.6	169.5	5.9	75.1	-	-
Phi-3.5-mini-instruct-python_coding_assistanQ4_K_M.gguf	2211	2117	1201.5	128.1	7.8	92.9	-	-
Samastam-2.5B-Q8_0.gguf	2560	938	2131.2	168.3	5.9	75.6	-	-
qwen3.5-4b-nvfp4.gguf	2426	1876	1082.7	130.6	7.7	93.8	-	-
Spark_one.Q6_K.gguf	2420	2734	727.4	126.0	7.9	78.9	-	-
VibeThinker-3B.Q8_0.gguf	3133	2053	1485.6	-	-	-	-	-
Qwen3-4B-Instruct-2507-Q6_K.gguf	3153	5428	459.8	101.7	9.8	94.0	-	-
qwen3-1.7b-coder-distilled-sft-f16.gguf	3881	5084	1874.1	135.7	7.4	82.0	-	-
qwen3-1.7b-stem-proof-f16.gguf	3881	3466	1876.1	136.0	7.4	81.0	-	-
Qwen3-4B-Q8_0.gguf	4082	2643	974.9	104.0	9.6	93.8	-	-
Opus4.7-GODs.Ghost.Codex.Distill.4B-Q8_0.gguf	4274	3125	1024.8	98.4	10.2	95.0	-	-
Qwen3.5-9B-DeepSeek-V4-Flash-MTP-Q3_K_M.gguf	4518	3590	722.0	79.6	12.6	95.6	-	-
Qwen3-8B-Q4_K_M.gguf	4794	4099	642.8	93.2	10.7	95.2	-	-
mythos-9b-unhinged-heretic.i1-Q4_K_M.gguf	4794	3690	644.7	93.5	10.7	96.9	-	-
lacuna-v1-Q4_K_M.gguf	4836	4887	621.9	97.5	10.3	92.6	-	-
Qwen2.5-Coder-7B-Instruct-Q5_K_M.gguf	5192	4040	619.4	87.9	11.4	93.4	-	-
qwen3.5-9b-nvfp4.gguf	5067	3391	715.6	90.6	11.0	96.2	-	-
qwen35-9b-instruct-nvfp4.gguf	5067	4612	719.0	90.6	11.0	94.1	-	-
Qwen3.5-9b-Sushi-Coder-RL.Q4_K_M.gguf	5368	3755	642.9	85.2	11.7	92.0	-	-
omnicoder-9b-q6_k.gguf	7018	4675	323.4	60.9	16.4	93.6	-	-
laguna-xs2-Q4_K_M.gguf	19335	1966	2.8	5.6	178.6	6.8	166.3	73.0
